{
	"settings": {
		"color": {
			"palette": [
				{
					"color": "#134015",
					"name": "Primary",
					"slug": "primary"
				},
				{
					"color": "#133f150d",
					"name": "Secondary",
					"slug": "secondary"
				},
				{
					"color": "#134015",
					"name": "Foreground",
					"slug": "foreground"
				},
				{
					"color": "#eef6ef",
					"name": "Background",
					"slug": "background"
				},
				{
					"color": "#eef6ef",
					"name": "Tertiary",
					"slug": "tertiary"
				}
			]
		}
	},
	"styles": {
		"blocks": {
			"core/cover": {
				"filter": {
					"duotone": "var(--wp--preset--duotone--greenish)"
				}
			},
			"core/navigation": {
				"typography": {
					"fontStyle": "normal",
					"fontWeight": "400"
				}
			},
			"core/post-featured-image": {
				"filter": {
					"duotone": "var(--wp--preset--duotone--redish)"
				}
			},
			"core/site-logo": {
				"filter": {
					"duotone": "var(--wp--preset--duotone--redish)"
				}
			},
			"core/site-title": {
				"typography": {
					"fontStyle": "normal",
					"fontWeight": "300"
				}
			}
		},
		"elements": {
			"button": {
				"color": {
					"background": "var(--wp--preset--color--primary)"
				}
			},
			"h1": {
				"typography": {
					"letterSpacing": "0rem"
				}
			},
			"h2": {
				"typography": {
					"letterSpacing": "0rem"
				}
			},
			"h3": {
				"typography": {
					"letterSpacing": "0rem"
				}
			},
			"heading": {
				"typography": {
					"fontFamily": "var(--wp--preset--font-family--labrada)",
					"fontStyle": "normal",
					"fontWeight": "300"
				}
			}
		},
		"typography": {
			"fontFamily": "var(--wp--preset--font-family--labrada)",
			"fontStyle": "normal",
			"fontWeight": "400"
		}
	},
	"title": "Guarani",
	"version": 3,
	"$schema": "https://schemas.wp.org/trunk/theme.json"
}