{
	"settings": {
		"appearanceTools": true,
		"color": {
			"customDuotone": true,
			"defaultDuotone": false,
			"duotone": [
				{
					"colors": [
						"#B50F29",
						"#ffffff"
					],
					"name": "Redish",
					"slug": "redish"
				},
				{
					"colors": [
						"#1E340F",
						"#D1DF97"
					],
					"name": "Greenish",
					"slug": "greenish"
				},
				{
					"colors": [
						"#40192D",
						"#fefaef"
					],
					"name": "Pistachio",
					"slug": "pistachio"
				},
				{
					"colors": [
						"#010203",
						"#F5F4EF"
					],
					"name": "Monotone",
					"slug": "monotone"
				}
			],
			"palette": [
				{
					"color": "#111111",
					"name": "Primary",
					"slug": "primary"
				},
				{
					"color": "#1212120d",
					"name": "Secondary",
					"slug": "secondary"
				},
				{
					"color": "#111111",
					"name": "Foreground",
					"slug": "foreground"
				},
				{
					"color": "#fafafa",
					"name": "Background",
					"slug": "background"
				},
				{
					"color": "#fafafa",
					"name": "Tertiary",
					"slug": "tertiary"
				}
			],
			"text": true
		},
		"layout": {
			"contentSize": "900px",
			"wideSize": "1200px"
		},
		"spacing": {
			"customSpacingSize": true,
			"defaultSpacingSizes": false,
			"spacingSizes": [
				{
					"name": "2X-Small",
					"size": "0.5rem",
					"slug": "20"
				},
				{
					"name": "X-Small",
					"size": "clamp(0.5rem, 1vw, 1rem)",
					"slug": "30"
				},
				{
					"name": "Small",
					"size": "clamp(0.75rem, 1.5vw, 1.5rem)",
					"slug": "40"
				},
				{
					"name": "Medium",
					"size": "clamp(1rem, 2vw, 2rem)",
					"slug": "50"
				},
				{
					"name": "Large",
					"size": "clamp(1.5rem, 3vw, 3rem)",
					"slug": "60"
				},
				{
					"name": "X-Large",
					"size": "clamp(2rem, 4vw, 4rem)",
					"slug": "70"
				},
				{
					"name": "2X-Large",
					"size": "clamp(3rem, 6vw, 6rem)",
					"slug": "80"
				}
			],
			"units": [
				"%",
				"px",
				"em",
				"rem",
				"vh",
				"vw"
			]
		},
		"typography": {
			"customFontSize": true,
			"defaultFontSizes": false,
			"dropCap": true,
			"fontFamilies": [
				{
					"fontFace": [],
					"fontFamily": "-apple-system, BlinkMacSystemFont, 'Segoe UI', Roboto, Oxygen-Sans, Ubuntu, Cantarell, 'Helvetica Neue', sans-serif",
					"name": "System Font",
					"slug": "system-font"
				},
				{
					"fontFace": [
						{
							"fontFamily": "Averia Serif Libre",
							"fontStyle": "normal",
							"fontWeight": "400",
							"src": [
								"file:./assets/fonts/averia-serif-libre/averia-serif-libre_normal_400.ttf"
							]
						},
						{
							"fontFamily": "Averia Serif Libre",
							"fontStyle": "italic",
							"fontWeight": "400",
							"src": [
								"file:./assets/fonts/averia-serif-libre/averia-serif-libre_italic_400.ttf"
							]
						},
						{
							"fontFamily": "Averia Serif Libre",
							"fontStyle": "normal",
							"fontWeight": "700",
							"src": [
								"file:./assets/fonts/averia-serif-libre/averia-serif-libre_normal_700.ttf"
							]
						},
						{
							"fontFamily": "Averia Serif Libre",
							"fontStyle": "italic",
							"fontWeight": "700",
							"src": [
								"file:./assets/fonts/averia-serif-libre/averia-serif-libre_italic_700.ttf"
							]
						}
					],
					"fontFamily": "Averia Serif Libre, serif",
					"name": "Averia Serif Libre",
					"slug": "averia-serif-libre"
				},
				{
					"fontFace": [
						{
							"fontFamily": "Teko",
							"fontStyle": "normal",
							"fontWeight": "400",
							"src": [
								"file:./assets/fonts/teko/teko_normal_400.ttf"
							]
						},
						{
							"fontFamily": "Teko",
							"fontStyle": "normal",
							"fontWeight": "500",
							"src": [
								"file:./assets/fonts/teko/teko_normal_500.ttf"
							]
						},
						{
							"fontFamily": "Teko",
							"fontStyle": "normal",
							"fontWeight": "600",
							"src": [
								"file:./assets/fonts/teko/teko_normal_600.ttf"
							]
						}
					],
					"fontFamily": "Teko, sans-serif",
					"name": "Teko",
					"slug": "teko"
				},
				{
					"fontFace": [
						{
							"fontFamily": "Labrada",
							"fontStyle": "normal",
							"fontWeight": "300",
							"src": [
								"file:./assets/fonts/labrada/labrada_normal_300.ttf"
							]
						},
						{
							"fontFamily": "Labrada",
							"fontStyle": "italic",
							"fontWeight": "300",
							"src": [
								"file:./assets/fonts/labrada/labrada_italic_300.ttf"
							]
						},
						{
							"fontFamily": "Labrada",
							"fontStyle": "normal",
							"fontWeight": "400",
							"src": [
								"file:./assets/fonts/labrada/labrada_normal_400.ttf"
							]
						},
						{
							"fontFamily": "Labrada",
							"fontStyle": "italic",
							"fontWeight": "400",
							"src": [
								"file:./assets/fonts/labrada/labrada_italic_400.ttf"
							]
						},
						{
							"fontFamily": "Labrada",
							"fontStyle": "normal",
							"fontWeight": "600",
							"src": [
								"file:./assets/fonts/labrada/labrada_normal_600.ttf"
							]
						},
						{
							"fontFamily": "Labrada",
							"fontStyle": "italic",
							"fontWeight": "600",
							"src": [
								"file:./assets/fonts/labrada/labrada_italic_600.ttf"
							]
						}
					],
					"fontFamily": "Labrada, serif",
					"name": "Labrada",
					"slug": "labrada"
				},
				{
					"fontFace": [
						{
							"fontFamily": "Plus Jakarta Sans",
							"fontStyle": "normal",
							"fontWeight": "300",
							"src": [
								"file:./assets/fonts/plus-jakarta-sans/plus-jakarta-sans_normal_300.ttf"
							]
						},
						{
							"fontFamily": "Plus Jakarta Sans",
							"fontStyle": "italic",
							"fontWeight": "300",
							"src": [
								"file:./assets/fonts/plus-jakarta-sans/plus-jakarta-sans_italic_300.ttf"
							]
						},
						{
							"fontFamily": "Plus Jakarta Sans",
							"fontStyle": "normal",
							"fontWeight": "500",
							"src": [
								"file:./assets/fonts/plus-jakarta-sans/plus-jakarta-sans_normal_500.ttf"
							]
						},
						{
							"fontFamily": "Plus Jakarta Sans",
							"fontStyle": "italic",
							"fontWeight": "500",
							"src": [
								"file:./assets/fonts/plus-jakarta-sans/plus-jakarta-sans_italic_500.ttf"
							]
						},
						{
							"fontFamily": "Plus Jakarta Sans",
							"fontStyle": "normal",
							"fontWeight": "600",
							"src": [
								"file:./assets/fonts/plus-jakarta-sans/plus-jakarta-sans_normal_600.ttf"
							]
						},
						{
							"fontFamily": "Plus Jakarta Sans",
							"fontStyle": "italic",
							"fontWeight": "600",
							"src": [
								"file:./assets/fonts/plus-jakarta-sans/plus-jakarta-sans_italic_600.ttf"
							]
						}
					],
					"fontFamily": "Plus Jakarta Sans, sans-serif",
					"name": "Plus Jakarta Sans",
					"slug": "plus-jakarta-sans"
				}
			],
			"fontSizes": [
				{
					"fluid": {
						"max": "1.0625rem",
						"min": "0.825rem"
					},
					"name": "Small",
					"size": "1rem",
					"slug": "small"
				},
				{
					"fluid": {
						"max": "1.5rem",
						"min": "1.25rem"
					},
					"name": "Medium",
					"size": "clamp(1.25rem, 3vw, 1.5rem)",
					"slug": "medium"
				},
				{
					"fluid": {
						"max": "3rem",
						"min": "2.5rem"
					},
					"name": "Large",
					"size": "clamp(2.5rem, 3vw, 3rem)",
					"slug": "large"
				},
				{
					"fluid": {
						"max": "15rem",
						"min": "4rem"
					},
					"name": "Extra Large",
					"size": "clamp(3.5rem, 3vw, 15rem)",
					"slug": "x-large"
				}
			],
			"fontStyle": true,
			"fontWeight": true,
			"letterSpacing": true,
			"textDecoration": true,
			"textTransform": true
		},
		"useRootPaddingAwareAlignments": true
	},
	"styles": {
		"blocks": {
			"core/button": {
				"typography": {
					"textTransform": "uppercase"
				}
			},
			"core/code": {
				"border": {
					"color": "var(--wp--preset--color--foreground)",
					"radius": "0.25rem",
					"style": "solid",
					"width": "2px"
				},
				"spacing": {
					"padding": {
						"bottom": "var(--wp--preset--spacing--50)",
						"left": "var(--wp--preset--spacing--50)",
						"right": "var(--wp--preset--spacing--50)",
						"top": "var(--wp--preset--spacing--50)"
					}
				},
				"typography": {
					"fontFamily": "monospace"
				}
			},
			"core/comment-author-name": {
				"typography": {
					"fontSize": "var(--wp--preset--font-size--small)"
				}
			},
			"core/comment-date": {
				"typography": {
					"fontSize": "var(--wp--preset--font-size--small)"
				}
			},
			"core/comment-edit-link": {
				"typography": {
					"fontSize": "var(--wp--preset--font-size--small)"
				}
			},
			"core/comment-reply-link": {
				"typography": {
					"fontSize": "var(--wp--preset--font-size--small)"
				}
			},
			"core/cover": {
				"dimensions": {
					"aspectRatio": "16/9"
				},
				"spacing": {
					"padding": {
						"bottom": "6%",
						"left": "4%",
						"right": "4%",
						"top": "4%"
					}
				}
			},
			"core/gallery": {
				"spacing": {
					"margin": {
						"bottom": "var(--wp--preset--spacing--50)"
					}
				}
			},
			"core/list": {
				"spacing": {
					"padding": {
						"left": "var(--wp--preset--spacing--70)"
					}
				}
			},
			"core/navigation": {
				"elements": {
					"link": {
						":hover": {
							"typography": {
								"textDecoration": "underline"
							}
						},
						"typography": {
							"textDecoration": "none"
						}
					}
				},
				"spacing": {
					"blockGap": "0rem"
				},
				"typography": {
					"fontSize": "var(--wp--preset--font-size--medium)",
					"fontStyle": "normal",
					"fontWeight": "600",
					"lineHeight": "1.1"
				}
			},
			"core/post-author-name": {
				"elements": {
					"link": {
						":hover": {
							"typography": {
								"textDecoration": "underline"
							}
						},
						"typography": {
							"textDecoration": "none"
						}
					}
				}
			},
			"core/post-date": {
				"elements": {
					"link": {
						":hover": {
							"typography": {
								"textDecoration": "underline"
							}
						},
						"typography": {
							"textDecoration": "none"
						}
					}
				}
			},
			"core/post-terms": {
				"typography": {
					"fontSize": "var(--wp--preset--font-size--medium)"
				}
			},
			"core/post-time-to-read": {
				"typography": {
					"fontSize": "var(--wp--preset--font-size--medium)"
				}
			},
			"core/pullquote": {
				"border": {
					"color": "var(--wp--preset--color--foreground)",
					"style": "solid",
					"width": "1px 0"
				},
				"spacing": {
					"padding": {
						"bottom": "var(--wp--preset--spacing--50)",
						"left": "var(--wp--preset--spacing--50)",
						"right": "var(--wp--preset--spacing--50)",
						"top": "var(--wp--preset--spacing--50)"
					}
				},
				"typography": {
					"fontSize": "var(--wp--preset--font-size--large)",
					"fontStyle": "italic"
				}
			},
			"core/query-pagination": {
				"typography": {
					"fontSize": "var(--wp--preset--font-size--large)",
					"letterSpacing": "-0.05rem"
				}
			},
			"core/quote": {
				"border": {
					"color": "var(--wp--preset--color--primary)",
					"style": "solid",
					"width": "0 0 0 1px"
				},
				"spacing": {
					"padding": {
						"left": "var(--wp--preset--spacing--50)"
					}
				},
				"typography": {
					"fontSize": "var(--wp--preset--font-size--large)",
					"fontStyle": "normal",
					"fontWeight": "600"
				}
			},
			"core/search": {
				"border": {
					"bottom": {
						"style": "solid",
						"width": "1px"
					},
					"color": null,
					"left": {
						"style": "solid",
						"width": "1px"
					},
					"radius": "4px",
					"right": {
						"style": "solid",
						"width": "1px"
					},
					"style": null,
					"top": {
						"style": "solid",
						"width": "1px"
					},
					"width": null
				},
				"typography": {
					"fontSize": "var(--wp--preset--font-size--medium)",
					"lineHeight": "1.6"
				}
			},
			"core/separator": {
				"border": {
					"color": "currentColor",
					"style": "solid",
					"width": "0 0 1px 0"
				},
				"color": {
					"text": "var(--wp--preset--color--foreground)"
				}
			},
			"core/site-tagline": {
				"typography": {
					"fontSize": "var(--wp--preset--font-size--small)"
				}
			},
			"core/site-title": {
				"elements": {
					"link": {
						":hover": {
							"typography": {
								"textDecoration": "underline"
							}
						},
						"typography": {
							"textDecoration": "none"
						}
					}
				},
				"typography": {
					"fontSize": "var(--wp--preset--font-size--large)",
					"fontStyle": "normal",
					"fontWeight": "700",
					"letterSpacing": "0rem"
				}
			},
			"core/spacer": {
				"spacing": {
					"margin": {
						"bottom": "0rem",
						"top": "0rem"
					}
				}
			}
		},
		"color": {
			"background": "var(--wp--preset--color--background)",
			"text": "var(--wp--preset--color--foreground)"
		},
		"elements": {
			"h1": {
				"typography": {
					"fontSize": "var(--wp--preset--font-size--x-large)",
					"letterSpacing": "-0.2rem",
					"lineHeight": "1.1"
				}
			},
			"h2": {
				"typography": {
					"fontSize": "var(--wp--preset--font-size--large)",
					"letterSpacing": "-0.01rem",
					"lineHeight": "1.1"
				}
			},
			"h3": {
				"typography": {
					"fontSize": "var(--wp--preset--font-size--medium)",
					"letterSpacing": "-0.01rem"
				}
			},
			"h4": {
				"typography": {
					"fontSize": "var(--wp--preset--font-size--medium)",
					"letterSpacing": "0rem"
				}
			},
			"h5": {
				"typography": {
					"fontSize": "var(--wp--preset--font-size--small)",
					"letterSpacing": "0rem"
				}
			},
			"h6": {
				"typography": {
					"letterSpacing": "0.01rem"
				}
			},
			"heading": {
				"typography": {
					"fontFamily": "var(--wp--preset--font-family--plus-jakarta-sans)"
				}
			},
			"link": {
				":hover": {
					"typography": {
						"textDecoration": "underline"
					}
				},
				"color": {
					"text": "var(--wp--preset--color--primary)"
				},
				"typography": {
					"textDecoration": "none"
				}
			}
		},
		"spacing": {
			"blockGap": "var(--wp--preset--spacing--50)",
			"padding": {
				"bottom": "0",
				"left": "var(--wp--preset--spacing--50)",
				"right": "var(--wp--preset--spacing--50)",
				"top": "0"
			}
		},
		"typography": {
			"fontFamily": "var(--wp--preset--font-family--plus-jakarta-sans)",
			"fontSize": "var(--wp--preset--font-size--medium)",
			"lineHeight": "1.5"
		}
	},
	"templateParts": [
		{
			"area": "header",
			"name": "header"
		},
		{
			"area": "footer",
			"name": "footer"
		}
	],
	"version": 3,
	"$schema": "https://schemas.wp.org/trunk/theme.json"
}